tweet_id,sentiment
1701,1
1851,1
2689,1
4525,1
3604,2
966,2
1395,1
8182,1
8835,1
883,1
6398,1
2369,1
3944,2
6909,0
7917,0
5849,2
1955,1
1472,2
4730,2
2166,1
3497,2
165,1
1352,1
6431,1
634,1
4544,1
568,1
775,1
5368,2
3087,1
5398,2
2491,0
1993,1
6275,1
1178,1
3628,1
328,2
7112,2
5838,1
6895,2
3550,1
885,3
2007,1
8697,1
2989,1
8312,0
5537,1
1569,1
1415,2
8983,1
5058,1
6831,1
579,1
1666,1
1843,1
529,2
3760,1
7433,1
2522,0
3484,1
7372,1
1488,0
3967,1
2435,1
6087,1
4542,1
624,1
3404,2
3850,1
1804,1
2937,2
4855,1
2417,2
3536,1
1779,2
6129,2
489,1
2296,2
3269,1
4274,2
180,1
4711,0
51,0
5252,1
7204,3
4583,1
7077,0
5399,2
1438,1
6541,1
7456,2
7792,1
8178,1
4469,1
8016,2
2339,1
6615,1
680,1
6669,2
6034,1
5755,1
4671,1
8772,1
6127,2
8850,2
4806,1
1607,1
704,1
828,1
7262,2
3749,1
4658,2
8426,1
8099,1
5174,1
8330,1
7152,2
5083,2
7190,1
3876,1
5214,1
5415,2
8107,2
4618,0
3426,1
1845,1
6675,1
5590,2
4606,1
8235,1
1687,1
4659,2
1943,1
7469,2
1768,1
3668,1
8565,0
5079,1
414,2
6959,1
8687,2
6741,1
4454,0
2199,2
1508,1
7739,1
7302,3
5588,1
2009,1
5909,1
2430,1
5831,2
7553,2
3901,1
7974,0
3264,1
8256,1
1876,1
4400,1
893,1
8501,1
1810,1
6987,1
1878,1
1907,1
5216,2
5962,1
4319,1
3174,1
6652,1
4502,2
161,2
1221,2
4594,2
1674,1
5655,1
4382,1
2762,1
2434,1
6575,2
2802,2
5108,1
3470,1
1566,2
217,1
4204,1
5441,1
8198,1
8975,1
7550,0
4121,2
2864,1
1251,1
6487,1
9023,1
6538,1
5648,1
3785,2
1004,1
6030,0
6427,2
3418,1
3260,1
1934,2
2030,1
4016,1
1977,1
600,1
5426,2
4337,1
5546,2
8803,2
3257,2
8921,1
4976,1
4236,1
3301,2
7920,1
7102,2
3187,2
3401,1
128,1
1588,2
7186,1
2231,2
7600,1
491,1
8967,1
5878,1
411,2
6626,1
5471,2
5169,1
8664,1
7001,1
5044,1
4509,1
4356,1
8659,1
52,1
3644,2
7699,1
2116,1
5949,1
74,3
7900,1
1373,1
5185,1
1762,1
1900,1
8362,2
6319,1
4668,2
6515,2
1574,2
2267,1
5783,1
3739,1
5991,3
3267,1
6952,3
6753,3
3136,1
2103,1
5663,2
3298,2
6054,1
3507,1
4639,1
3178,0
3720,2
4969,1
6832,1
1335,1
2656,1
8711,1
3711,1
1590,1
7015,1
5781,1
4102,1
2364,1
1264,1
2026,2
4260,0
8263,1
6816,1
3940,1
860,2
177,1
6418,2
6617,2
623,1
5299,1
6199,1
4161,2
1145,2
3763,1
5444,2
1627,1
2596,0
2785,2
3800,1
4704,2
1132,1
2824,1
8502,2
3473,1
4893,1
4209,1
7126,1
4222,1
7826,1
3316,2
3393,1
851,1
1679,2
1177,1
2579,0
7028,1
3855,1
2782,2
8696,2
9040,2
5365,1
5394,1
5454,2
7837,2
3161,1
2925,1
1743,1
5017,1
6346,1
3685,2
4805,2
6978,1
8027,1
9022,1
5464,1
862,1
9020,1
8444,1
5218,1
7695,1
3085,2
2612,2
4663,2
3441,2
3795,1
6930,2
2091,1
259,1
1434,1
3673,1
3894,1
6764,2
4221,1
1541,1
3676,2
7419,1
8652,0
2162,1
5165,2
5586,2
3188,1
7835,3
7750,1
6324,1
3786,1
3374,1
5887,1
3235,2
5593,2
5918,1
6156,1
7958,1
4174,1
7640,1
1095,1
879,1
7933,2
4481,2
5554,1
990,1
2263,1
2304,1
1149,1
5652,2
7020,3
1288,1
1624,2
1275,2
3406,2
3435,1
894,1
5937,2
7625,0
7677,1
7972,1
7531,2
2451,1
6941,1
4720,1
3205,2
1935,1
8450,1
4374,1
2598,2
2415,2
4387,1
7366,2
8474,1
5826,1
4442,3
4950,0
1548,1
6861,1
3457,2
3476,1
8352,1
4143,1
3900,1
7154,2
2400,1
3586,1
1161,1
7921,1
7869,1
8587,2
1136,2
718,1
3389,1
6730,2
1485,2
6570,2
786,1
7848,1
5681,1
6406,2
8015,0
7954,1
2931,2
8866,1
7422,2
3382,2
7782,1
3024,1
1170,1
7548,0
2376,1
8415,0
8101,1
6451,2
1127,2
4609,1
1745,1
7021,1
3679,1
1641,1
4485,1
7304,1
3867,1
2867,1
1825,1
3220,1
4814,1
8071,1
2302,1
1549,1
6295,2
1992,2
1259,1
2534,1
3848,0
2384,1
7159,0
7572,1
818,1
33,1
8908,1
5288,1
1225,1
5381,1
538,2
7522,1
8576,2
5451,2
1822,2
5100,1
5869,1
7583,1
5204,1
1981,1
5669,1
3042,1
8478,1
2012,1
6619,1
3683,2
1479,1
2665,2
8519,2
7073,1
1695,1
8523,1
7855,1
8782,1
3949,2
6551,1
7125,1
6810,1
8318,1
5411,2
920,1
8861,1
6545,1
2944,2
5736,3
7534,1
2967,2
6332,2
8499,1
5995,0
4900,1
7924,1
7128,1
6913,1
8437,1
8255,1
7796,2
6823,1
4751,1
3715,2
4030,2
1781,1
3820,1
5158,2
3758,1
3023,1
6744,1
3805,1
497,1
7941,1
2359,1
5921,2
3915,1
6036,1
2984,2
1293,1
2137,1
3331,1
597,1
6795,1
97,1
5884,1
8582,2
96,1
8407,1
2784,1
2086,1
9056,1
5323,1
6396,1
3493,1
7502,1
7341,1
4993,2
6314,1
741,1
292,2
6007,0
2427,1
1820,1
2922,1
7847,1
801,1
3449,1
2565,1
1819,1
2516,1
3541,1
4885,3
782,1
2171,2
813,1
2721,2
2378,1
5845,1
3277,1
1253,1
3423,1
6419,1
8150,2
3803,2
2711,1
5040,1
7287,2
2150,2
3934,2
4710,1
6704,2
1559,0
7328,2
1103,2
5536,1
5063,1
2200,2
5456,1
7896,2
346,2
2909,2
1181,1
2648,1
4739,1
8493,2
3365,1
5097,1
1683,0
5944,1
1304,1
3194,1
8410,1
8479,1
5692,1
7530,1
1301,2
8833,2
5727,1
4849,1
8920,1
2259,1
2046,1
1366,2
38,1
4856,1
3399,2
2154,2
9030,2
1633,1
7167,2
4894,1
1081,1
129,1
761,1
5024,2
1442,1
2695,1
372,1
4684,1
3381,2
650,1
6811,1
291,2
7144,1
7756,1
3402,1
1863,1
697,1
5106,1
8147,2
6505,2
1564,2
4997,1
8279,1
8814,1
8419,2
1784,1
789,1
3843,1
7860,1
5517,2
7526,1
4617,1
4233,1
969,1
6561,0
6328,1
9085,1
1365,1
4025,1
6729,1
2070,1
5056,1
7541,2
3467,1
320,1
4376,1
1653,1
81,1
7817,1
2057,2
5912,1
1392,1
7689,1
7032,1
4769,1
3706,0
2235,2
5343,1
8282,2
6770,1
273,2
599,1
3043,1
1187,1
1688,2
2709,1
1837,2
4574,1
3400,1
4464,1
7192,1
5012,2
4916,0
4807,1
2480,1
7994,2
7749,1
1942,1
4865,1
7391,2
3792,1
748,1
2513,1
2809,1
5904,1
5779,1
3340,1
1400,1
734,0
3553,1
5419,2
1379,2
8084,1
1247,2
999,0
8000,1
3376,2
2215,2
4728,2
7368,1
3035,0
450,1
8082,1
3439,1
6187,2
4926,1
3616,1
5466,2
9071,1
2988,1
6674,1
7465,1
2584,1
5813,2
792,1
5236,1
2319,2
2408,1
7242,1
4615,1
8622,2
1269,1
7459,1
7179,1
5416,1
420,1
7815,1
1205,1
5816,1
8864,1
555,1
2523,2
5402,0
5646,0
8968,2
513,2
5811,1
5982,1
7839,1
1256,1
6937,1
3395,1
1926,2
4135,1
7438,1
1348,1
3338,1
8325,2
337,0
2223,2
1324,1
344,1
661,1
5164,2
5412,0
5698,1
687,2
3101,1
2140,1
2935,0
2685,2
4427,1
8868,1
7432,2
537,1
2860,2
705,3
4514,1
772,1
2053,2
5509,1
5971,1
7490,0
1512,2
2367,1
8135,0
1809,1
2051,1
825,1
4665,2
5933,2
3201,2
3037,1
3232,1
2063,1
3988,1
5969,1
2117,1
1138,1
3546,2
8849,2
3321,1
4215,2
8638,2
7649,1
3566,1
5181,2
3947,1
5076,1
1176,1
3342,1
67,2
2351,1
4289,1
3572,2
8734,1
2464,1
3544,1
2651,3
1885,1
5947,2
1872,2
6318,2
3643,2
951,1
3210,2
4625,2
1091,1
2404,1
1419,1
5955,0
2605,1
8346,1
8296,1
6141,2
8129,1
7142,1
3203,0
7626,1
6305,2
7806,0
3942,1
7797,1
630,1
1606,2
1298,1
5673,2
1533,1
6912,2
5544,2
4811,2
8561,1
5361,2
5653,1
3796,1
2592,1
3615,2
4797,1
3951,1
8511,1
283,1
276,2
7049,2
7704,1
4266,1
7784,1
7812,1
6874,1
274,2
3638,1
8965,2
2829,1
644,3
6044,1
1356,1
6996,0
9069,1
2212,2
1817,1
4743,1
8842,1
3868,1
521,2
5410,1
5746,2
1475,2
1507,1
3889,1
6201,1
8524,1
5119,1
3200,1
1215,1
1173,0
8069,3
7886,1
2858,1
2444,0
3579,1
8376,1
1725,1
8281,1
8257,0
256,0
2677,1
1657,1
1449,2
8917,1
5237,2
1919,0
711,1
8210,1
3414,1
4959,1
4403,2
1850,1
5186,2
4599,1
8221,1
9081,0
1139,1
8170,1
5530,0
3664,0
1656,1
2787,1
78,1
1462,2
6274,1
6114,1
3324,2
5199,2
985,1
271,2
4938,1
8485,2
3377,2
1604,0
1212,2
8496,1
5866,1
6292,2
7480,1
2634,0
3074,2
8309,2
9065,2
4154,1
6389,1
3129,1
4984,1
8830,1
4758,1
6850,1
2779,1
2879,1
2141,1
3849,1
2645,1
6488,3
3481,1
8808,1
4324,2
8599,1
8356,2
7575,1
527,2
5103,1
2447,1
2155,0
2055,2
3581,1
8386,1
892,1
6556,1
6612,1
4869,1
388,2
2043,2
7671,1
1638,2
7253,2
8114,1
8397,1
3329,1
3155,2
6643,1
2893,2
5691,1
1834,2
8799,1
2,1
45,1
2504,1
2277,0
1327,1
4789,1
2127,1
3314,2
2768,1
4095,1
9009,1
3027,1
2919,2
4015,1
1998,1
567,1
4793,1
1378,2
3489,2
3015,1
2158,1
5178,1
7060,2
7182,1
5127,1
5317,1
7014,2
6635,1
7987,1
8810,1
8406,1
3675,1
1730,1
4402,1
544,2
4242,1
6243,1
8756,3
8961,2
2949,2
1237,2
8812,1
3957,1
1447,1
3789,1
5662,2
2540,1
783,1
4631,1
2422,1
1090,1
7718,1
7252,1
6962,2
5621,1
3725,1
4363,1
5989,3
8840,1
1267,1
6995,0
1227,2
8005,1
5084,0
4142,1
526,1
2848,2
5805,1
1425,1
1661,1
8061,1
6371,2
640,1
6613,1
263,1
5505,1
7153,2
7024,1
7793,1
8547,2
8867,1
1002,2
4160,2
8377,1
8809,1
5690,2
6742,1
6902,2
6745,1
8045,1
5591,2
8574,1
1769,1
6649,1
4556,1
7647,1
5490,1
6915,1
2059,2
8776,2
1492,2
8520,2
4144,1
867,3
8522,0
876,0
8879,0
8739,2
5118,1
3518,1
5450,2
6347,1
7898,1
4399,1
8006,1
8721,1
1414,1
3356,1
1870,1
2113,1
8716,1
5545,1
374,1
5251,1
4987,1
6433,1
3811,3
5009,3
89,1
886,0
2300,2
6921,2
3104,2
7231,2
2350,1
319,1
5548,2
1672,1
6058,1
7595,1
5385,1
6784,2
7914,1
4308,1
1568,2
3599,1
1787,1
1530,0
435,2
2399,2
5485,2
7123,2
981,1
8686,2
465,2
6155,0
2119,1
6444,1
6864,1
3486,1
4086,1
1812,1
6002,1
3583,3
7454,2
8157,2
5559,2
8435,2
7906,2
8912,1
2414,1
3964,1
4766,1
5695,1
5397,1
2800,1
3738,1
5889,1
24,0
2660,0
8414,1
8937,1
8741,3
4203,1
4087,1
5085,1
4729,2
5926,1
5766,1
4981,1
2065,1
7836,2
4776,1
7046,1
6589,1
8665,1
7825,1
8483,2
8518,1
1542,1
9043,1
1128,1
7547,1
3609,1
3840,1
4595,1
2272,2
812,1
2019,1
6140,1
6101,1
397,1
6582,1
7075,1
4561,2
6307,2
5032,1
766,1
3,1
7129,1
6880,1
7293,1
5373,2
8563,1
1647,2
8991,3
3990,0
7493,1
7379,1
3358,1
2090,1
6267,2
4697,2
1856,2
7346,1
6752,1
8661,1
9064,2
4005,2
4803,1
5645,1
4358,2
1752,2
7322,2
6172,2
1239,2
1211,2
2992,1
903,1
6262,1
8394,3
1097,2
4105,1
8918,1
3907,1
8556,1
1532,1
7926,1
1899,1
7371,1
1407,2
2348,2
5677,2
4531,1
4500,2
4440,1
6410,1
4597,1
4441,1
3444,1
4499,2
6158,2
1797,1
1925,2
5956,1
323,1
6247,3
3912,1
92,3
1531,1
5512,2
8927,2
5717,1
8270,2
6339,1
7338,2
39,1
5775,1
7701,1
5260,1
8425,0
7856,1
2906,1
4000,1
6104,2
8306,2
3860,1
1480,1
4945,2
6779,2
6306,2
1808,1
1277,2
4551,2
740,3
4187,1
7213,2
1193,1
4696,1
2209,1
54,1
2054,2
7107,2
31,1
8621,1
2964,1
3561,1
5506,1
365,2
1443,1
6566,1
4423,1
2786,1
4417,2
7464,1
7980,2
2561,3
6922,2
4360,1
6485,1
7478,2
6773,1
4368,1
7349,1
3742,1
3610,1
4301,2
1499,1
5526,2
8623,2
6639,2
3084,2
7709,1
5674,1
6124,1
3909,1
700,1
1112,2
8848,3
5501,1
1682,1
4994,1
6767,1
2517,1
7401,2
5064,2
3655,1
2807,1
2559,1
6448,2
6227,1
5893,1
4107,1
628,2
5913,1
6210,1
8943,1
4790,1
3413,1
9018,2
8981,1
3207,1
353,1
6677,1
5088,2
4990,1
2481,1
5891,1
1219,1
560,1
2748,1
4992,0
6775,2
119,2
2820,1
4844,1
2398,1
3179,1
5023,1
1874,1
747,2
3425,1
8971,1
7523,2
6368,2
7437,1
2495,1
6955,2
8995,2
5280,1
3621,2
3654,1
8038,1
6969,1
8969,1
669,2
3730,2
1048,2
2069,2
6817,1
8264,1
8267,2
2227,2
7404,2
4108,1
5807,1
2930,2
6407,2
6530,2
8291,2
7230,1
4961,1
4406,1
2044,2
1823,2
4846,2
3623,2
847,1
746,2
1654,1
5072,1
848,2
3574,1
1354,1
3698,2
8883,1
3993,1
6206,1
8126,1
5386,1
6934,1
2713,1
3166,1
3229,1
6563,2
8648,1
5515,1
7890,1
1255,2
100,1
6300,2
5336,1
5016,1
2488,1
5249,1
1816,0
4960,1
1766,1
3019,1
6269,1
3910,2
60,1
149,0
8194,1
4488,2
3468,2
1118,1
7265,2
432,2
8305,2
322,2
1099,0
4338,1
2646,2
5353,0
21,1
5340,0
6574,2
2344,1
3215,1
4646,1
8531,1
7218,1
6871,1
845,1
1501,1
3488,1
4033,1
1716,1
2322,1
3122,2
9041,1
8826,1
7934,1
6190,2
8715,2
6522,2
1788,1
9091,1
4875,1
4795,1
8366,1
5659,1
1940,1
1030,1
4136,1
2708,1
5459,1
2486,1
6798,1
8789,2
4577,1
7766,1
5535,1
7277,2
3112,1
1226,1
3852,1
3063,2
1675,1
804,1
7838,0
4889,1
5794,1
1361,1
4287,2
749,1
451,2
7041,2
8683,1
4202,1
594,2
2383,1
3817,1
5739,1
8503,1
2548,2
7556,2
4296,1
7042,1
7297,2
73,1
9051,1
8307,1
4153,2
4061,1
8642,0
2264,2
8051,2
4619,3
80,1
2564,1
5003,2
6116,1
7592,1
2358,1
3603,1
1325,1
405,1
4812,1
181,2
7069,1
2549,1
3383,2
625,1
3017,1
5829,1
5082,1
556,1
6900,2
6680,2
2320,1
4377,1
154,2
4127,1
7579,1
991,1
5584,2
5195,2
3111,1
1042,2
5925,1
1911,1
1342,1
8266,1
6279,1
1902,2
8639,2
6712,1
6142,3
7033,1
7673,0
7867,1
1422,1
2313,0
6631,1
781,1
514,1
1124,2
4785,1
794,1
6562,2
4765,1
4191,3
8636,1
4633,2
6342,1
3079,1
8012,1
5192,2
1307,1
752,1
8548,1
5735,1
4738,1
16,1
2886,1
8602,1
6480,1
4620,1
7971,2
6271,2
1433,1
2813,2
5217,1
6877,2
3554,2
5915,1
1231,2
3552,1
5038,1
4362,1
714,1
7421,2
6932,1
541,1
8500,1
7393,1
8301,2
2816,1
5370,2
4913,0
4140,1
9074,2
8919,3
2284,1
5770,2
8050,1
5514,1
6236,1
7687,2
8358,2
8617,1
7808,1
617,3
1252,2
3094,0
2758,1
7612,2
2274,1
8322,1
1916,1
4607,0
7824,1
4090,2
4088,1
2126,1
2258,1
5607,1
3799,1
1489,2
5452,2
9021,1
7207,1
8458,0
467,2
8987,1
1390,1
916,1
3098,0
8585,1
6055,2
5305,1
6710,2
333,2
2553,1
7011,1
5150,1
7064,2
8076,2
2999,2
1521,2
6164,1
3824,2
2555,2
9027,2
8037,1
3394,1
7470,1
233,2
1265,1
3135,1
1528,1
613,1
8578,1
1019,1
1753,0
859,2
3315,2
8029,1
2792,1
1584,1
660,1
4122,2
843,2
6624,0
790,1
1063,1
8052,1
5177,1
413,1
4272,2
702,1
8865,1
834,3
3597,1
8293,2
5708,1
7819,1
1397,1
133,1
3386,2
8140,2
8447,1
5112,1
5752,1
3735,2
5499,1
5351,1
5298,1
2836,1
1115,2
1025,1
5614,1
6085,1
3588,1
278,2
8677,1
2416,2
7363,1
1358,1
1526,2
2968,1
4546,2
5359,2
4834,1
135,0
1146,1
7283,2
6695,2
1108,2
2600,1
4661,2
2766,2
8963,1
3490,1
6026,1
5418,1
7225,2
7065,2
5938,2
6228,1
6202,1
1881,1
1642,1
5284,1
3114,1
2310,2
2982,1
1473,1
1898,1
377,1
3529,2
8265,1
1985,1
8292,0
7904,1
1006,1
7280,2
6686,2
6473,1
3995,1
3559,1
1931,1
4110,2
6960,2
2178,2
2895,2
8363,1
3158,1
2179,1
8338,1
8630,1
8712,1
9008,1
7022,1
5460,1
5277,1
2697,2
6298,2
1963,1
8822,1
962,1
5270,1
7962,1
6197,1
4429,1
1469,1
3523,1
1082,2
3195,1
4116,1
6819,0
7136,1
1833,2
8765,1
9092,1
8936,1
2916,2
5628,2
872,1
5020,1
3591,1
8673,3
3935,1
1937,1
7272,2
5570,2
6100,3
3733,2
1680,1
3172,1
5253,2
2900,1
1024,1
5229,1
3863,1
7723,1
7160,0
3453,2
8746,1
166,2
7083,2
2650,1
8507,1
8480,1
2942,1
1867,2
282,1
6252,2
3818,1
8551,1
416,1
3929,1
2927,0
5787,1
6064,1
2842,0
6177,2
4230,2
771,1
4678,1
7939,1
8845,2
5092,2
4247,1
3159,0
8679,1
3311,0
7323,1
7691,1
4129,2
4164,1
7732,1
6106,1
895,2
3003,1
8083,1
6537,1
440,1
3089,1
907,1
1637,1
6844,2
1028,2
1232,1
343,0
4760,1
2884,2
2643,1
9090,0
1005,1
3680,1
5549,2
1864,1
4093,1
7667,1
8192,1
8303,1
779,1
7443,1
7161,0
4604,0
3477,1
8156,1
5984,2
7450,2
2035,1
8111,1
2396,1
261,1
1334,1
4449,2
7472,3
4796,1
7884,1
4791,1
4341,1
5714,1
948,1
2052,2
1283,2
5146,3
8607,1
8678,1
5294,1
1964,1
6724,1
5699,1
8391,1
3387,0
1174,1
8807,2
4304,1
6359,1
6679,2
8058,1
4772,1
3427,2
4985,2
8951,3
1332,1
7537,1
3455,1
1961,1
7047,2
3303,1
7821,2
578,1
1987,1
4178,1
6602,1
4673,1
6813,1
1723,1
4507,1
7156,1
5101,1
4113,2
4598,1
8950,1
5847,2
5423,2
686,0
5310,1
3363,1
3501,1
8215,2
3630,1
6592,1
742,1
5335,1
5744,2
5946,1
4762,2
8044,1
7940,1
5592,2
1320,2
4445,1
2580,1
3140,1
6958,1
9029,1
502,2
3880,1
113,2
3821,1
3694,1
482,0
7922,2
2306,1
7892,1
7103,2
6436,1
7193,1
3532,1
3078,2
8818,1
6507,2
142,1
1557,1
7468,1
4288,1
430,2
5706,1
5880,1
712,1
1208,2
4725,2
2821,1
2411,1
2914,1
3608,2
4653,2
7314,1
6004,1
189,1
1372,1
4819,1
8144,1
8581,1
1248,1
988,1
2115,2
8612,1
5789,1
8601,2
2470,0
8546,1
6786,1
5026,1
3528,2
364,1
382,2
4892,1
3141,2
8564,2
1778,2
629,1
5556,1
585,1
1241,1
7908,1
4055,2
6609,1
8762,1
1243,2
6691,1
8368,1
7919,2
1057,2
5339,0
3146,1
8632,1
8095,2
6985,1
29,2
8956,1
6012,2
1266,1
8091,1
4366,1
7039,1
5282,2
861,1
5191,1
6721,0
5664,2
7666,2
8896,1
7866,3
8600,2
6534,1
6531,0
447,1
2493,2
2169,1
7385,1
431,2
4378,1
6251,2
7222,1
2483,2
289,2
5820,1
7146,1
7630,2
2492,1
7248,1
9058,0
2533,2
4139,0
2806,1
4227,2
2775,1
4521,1
3629,1
1460,2
8955,1
535,2
7313,0
1618,1
4621,2
3717,1
5273,1
4831,2
4634,1
6356,1
7085,2
7473,1
3184,2
1714,1
4784,1
3469,1
4313,1
8626,2
1748,1
371,1
7771,1
6859,2
104,2
8685,1
7888,2
5248,0
6357,2
2409,1
3751,1
3511,1
5930,2
6808,2
2152,1
3813,3
1445,3
4956,1
8438,2
8925,1
4591,1
5291,1
250,1
406,1
223,1
7345,2
736,1
5832,2
6280,1
3917,1
8173,1
8926,1
562,1
1589,1
4024,1
2774,1
5326,2
7268,1
2189,1
7868,0
5039,1
7736,1
8345,1
2255,1
5287,1
6894,1
1522,1
7111,2
4326,1
2325,1
8253,0
307,2
3593,1
8227,1
6924,1
4318,2
3815,2
2573,2
4637,1
4954,1
7374,1
8116,1
5369,2
7238,1
2698,2
46,1
1359,1
3348,1
86,1
7356,1
3151,2
7768,2
1523,2
6807,1
3596,1
3364,1
1852,1
4547,2
4747,3
2093,2
6111,1
262,1
4359,1
8640,1
245,1
898,1
2520,1
4225,1
1941,1
4972,1
3350,0
7298,2
2386,2
5923,3
5198,1
2440,1
8109,1
2357,1
8839,1
6430,2
1776,1
5603,2
5472,2
308,1
28,1
1343,2
6848,1
7938,3
6772,1
2780,2
3660,1
2471,1
6102,1
5042,1
6384,2
2071,1
3313,2
4118,2
6333,2
3998,2
6711,2
2954,1
93,1
6424,1
2960,2
4818,1
6160,1
7708,1
5322,2
6076,1
7487,1
8811,1
7290,2
5835,1
3920,1
486,1
2394,1
5894,1
5006,0
4736,2
8781,1
6253,2
341,2
4231,2
4029,2
3968,1
2717,1
6457,2
4932,0
3456,2
6698,1
2683,1
5224,1
7891,1
4719,1
58,1
8404,2
6862,2
8598,2
4245,0
6169,1
1381,1
8770,2
667,1
5228,1
408,1
6821,1
6904,2
3952,1
6090,1
4148,1
4920,1
8976,2
7331,1
5227,1
3287,1
2157,2
2558,1
2413,2
2551,1
4297,0
2675,1
9062,1
5917,2
7505,1
4275,2
7275,2
433,2
1114,1
2951,1
5382,1
7158,0
7604,2
7842,2
7520,1
4466,1
7442,2
6213,1
3246,1
1893,1
4589,2
7245,1
1613,1
3812,3
2202,1
699,1
858,1
1222,1
2706,1
7209,1
6543,1
8698,1
6595,1
3133,1
7135,1
8412,2
3125,1
6836,0
211,1
6667,1
5837,1
136,2
2299,1
2390,1
3460,1
2715,2
2111,2
945,1
4211,2
7578,1
7752,2
461,2
7927,1
1886,1
3631,1
2897,1
8631,1
1032,1
6633,2
2831,2
194,1
776,1
4040,1
8941,1
7702,0
1924,1
236,1
5666,1
1847,1
3718,2
6403,2
7050,1
5961,1
8891,1
8487,2
4232,2
7557,1
6089,1
1040,1
6618,2
1792,1
4777,0
8379,1
5293,1
7697,1
7138,2
3771,1
5977,1
8713,1
4036,2
3107,1
324,1
6401,1
4745,1
8026,1
2593,1
5098,1
1619,1
5303,0
7312,0
1287,1
5436,2
6519,1
6897,2
4982,1
1865,1
8392,1
8886,0
8417,1
118,2
3895,2
4051,2
1667,3
2049,1
4354,1
1997,1
8643,1
4327,1
6029,2
2490,1
2080,0
2303,1
3471,2
6608,1
1120,1
1235,2
723,1
7274,3
6366,1
219,1
4857,1
266,2
3639,1
248,1
1763,1
8310,2
1875,1
4872,1
7306,2
1861,1
4632,1
5308,1
3791,2
5324,1
6605,1
4513,1
1600,2
4342,1
530,2
2566,0
5480,1
3794,1
5550,2
8717,1
2167,1
7889,1
6919,1
3508,1
838,2
5997,1
8115,2
2068,1
4047,1
9055,2
4475,1
6234,1
726,1
345,1
6967,1
4364,1
3173,1
227,1
4670,2
2257,2
2638,1
4539,1
3856,1
3766,1
1331,1
3590,2
2428,1
6757,1
2332,1
8252,2
4456,2
4101,2
6312,1
3047,1
3784,1
7700,1
7087,2
7770,1
5047,2
7463,1
4234,1
4259,1
6569,2
2250,1
7730,2
1157,1
8130,2
1299,1
3462,0
3788,1
753,1
509,1
3726,1
7850,1
1960,1
94,1
1262,1
3582,1
2023,0
7380,1
3829,1
7140,1
462,2
8869,1
7973,2
8876,2
3888,1
7010,1
6796,1
8773,0
3234,1
2163,2
3051,2
1651,1
3419,1
1697,1
2230,2
2454,2
8542,1
1629,0
890,1
5007,1
8033,0
4612,1
3206,0
1423,1
4451,1
912,1
3898,1
4850,2
5172,2
144,2
7775,1
4721,1
5711,0
3686,2
2287,1
1047,2
7977,0
222,2
4032,2
57,1
6174,2
3823,2
8634,1
1984,1
8168,2
5860,2
5660,1
5307,1
5988,2
8994,2
5043,1
3498,1
2424,2
106,1
4050,1
6374,1
66,0
114,1
8445,1
457,1
3175,1
6370,1
5331,1
3977,1
8693,1
6246,3
3199,1
173,2
1217,2
2291,2
8820,1
7004,1
6226,1
620,2
7176,0
6265,1
2251,1
186,2
3152,1
836,1
3682,3
394,1
134,1
5731,1
4042,1
5874,1
2918,2
6286,1
2229,2
7239,1
8188,1
6273,1
5812,1
5046,1
6443,1
6353,1
8982,1
499,1
7623,0
7343,1
4783,2
5596,1
924,0
1652,0
4674,2
8999,2
2979,2
7093,2
7535,1
6947,1
1888,1
2247,2
2020,1
7418,2
8142,1
2952,1
7326,0
878,2
1319,2
1678,2
2499,2
2078,2
5434,2
6209,2
5612,1
5167,1
6439,1
3326,1
6542,1
4698,2
5028,1
8860,2
7813,1
6611,2
8973,1
8792,2
8399,1
1791,1
7581,1
6311,2
8618,1
1669,1
4190,1
2791,1
6340,2
5465,2
469,2
8645,0
511,1
3429,1
1374,1
4679,1
4106,1
7574,1
7488,1
8760,2
5908,1
8533,1
1045,0
1131,0
3810,3
7591,1
5507,1
69,1
6416,1
1721,1
1203,1
14,1
6397,1
1889,1
8628,1
7674,1
8572,0
559,0
2616,1
5978,2
1650,2
6408,1
2368,2
4838,1
3398,1
8505,2
4079,1
5389,1
3005,1
6069,2
2337,2
5265,2
4198,1
2731,2
2442,1
6483,1
4822,1
7307,1
8569,1
5543,2
1840,2
6411,1
2388,1
6068,2
3240,1
4388,2
6354,1
917,1
7237,1
2818,2
2360,1
1982,1
8087,1
4391,2
1360,2
4643,1
5087,1
1413,2
8769,1
5656,1
4741,1
983,2
2633,1
7785,1
6438,1
7431,2
1351,1
965,0
3412,1
523,3
4722,1
1336,2
2983,2
5920,1
1206,2
8584,1
8905,1
1155,0
1636,1
4151,2
13,1
5469,2
7763,2
4109,1
3025,1
7495,1
1609,1
6783,1
4863,1
7518,1
5952,1
4099,1
4523,1
7430,2
2902,1
5126,1
4320,1
6601,2
5734,3
2956,2
5483,2
2582,1
5815,1
8222,1
3368,1
2228,2
3148,1
3221,1
8586,1
3408,1
6637,1
4933,1
8657,1
6523,1
503,1
994,1
1780,0
6546,1
4277,2
929,1
2904,1
6293,2
6082,0
8136,2
2938,1
3897,1
7580,1
2298,0
3723,1
2702,2
1312,1
3989,1
5513,1
6516,2
2859,1
5366,1
5069,2
4489,1
4550,1
8247,1
7858,2
7412,2
1065,3
8351,1
6376,1
2377,2
5824,1
3317,1
50,1
7043,0
6284,0
8489,1
4470,1
6294,2
64,2
950,1
5477,2
7243,1
7944,2
7956,1
3123,1
7902,2
3328,1
6167,1
2459,1
3118,2
6973,1
88,1
1236,2
5132,1
4393,2
6256,1
914,1
2342,1
5319,1
6211,2
3478,1
2753,1
6812,1
3231,1
5877,1
1194,1
2798,2
269,2
5231,1
8319,1
6176,2
3524,1
4091,1
7606,1
1611,1
3732,0
2075,1
8096,1
11,1
3709,2
6277,1
3030,2
5528,2
25,0
8018,2
7861,1
5561,2
4063,1
9075,1
158,1
694,2
2578,2
1921,2
352,2
744,1
7957,3
6052,2
4666,2
7978,1
7025,1
1059,2
4472,1
1742,1
4906,0
7195,1
3291,1
844,2
5057,1
4035,1
2710,1
8816,1
3249,1
7351,2
2385,1
3057,1
7143,1
1805,1
1844,1
2074,1
4800,1
391,1
5597,1
3299,2
1344,0
8859,1
6842,0
534,1
164,1
1199,2
7943,1
5759,1
9067,2
4467,1
7427,1
551,0
3437,1
5707,1
1404,1
7611,2
5250,2
1632,1
1058,1
304,1
6988,1
6843,1
212,1
5486,1
8350,1
7665,1
8250,3
3533,2
1405,1
8907,1
7498,3
2921,1
1824,1
44,1
277,2
2511,1
1497,2
7171,0
111,1
2432,1
8898,2
7354,1
6070,1
2608,1
3835,1
1596,1
9031,1
4554,1
3124,1
8874,1
4044,2
7632,1
1008,1
3216,1
7509,2
2269,1
6254,1
808,1
3255,1
5951,1
2707,1
7070,2
4220,1
6379,1
1746,1
4676,2
231,1
463,2
2877,1
553,1
6392,0
8372,2
6192,3
6549,1
5571,2
1692,1
5207,2
4082,1
1628,1
3256,1
1648,2
4883,1
123,1
1717,2
2892,1
3157,1
5139,1
2936,1
3928,2
6109,2
500,1
1551,2
3096,1
8455,0
810,1
5135,1
417,2
152,1
7040,2
913,1
1593,1
190,1
2124,1
2497,1
5810,1
9084,1
3487,1
4902,1
6781,3
1244,2
970,2
3097,1
5623,1
7627,2
7444,1
698,1
7255,2
213,0
1135,2
4540,2
6949,1
6946,1
4009,1
7644,1
5553,1
2213,2
4909,1
421,1
4512,1
3937,2
4310,2
8214,1
612,1
7542,1
1757,1
1450,2
2971,1
4156,2
6889,1
8300,2
984,1
3661,1
8624,3
1197,1
6735,1
8374,1
1922,1
5211,1
7066,2
1858,1
1799,1
6144,2
6182,2
4991,2
1016,1
816,1
2628,1
1585,1
7202,1
4949,3
7494,2
6207,1
7457,2
8102,1
7810,1
6524,1
6099,1
1830,1
8422,1
3165,1
6737,1
7384,2
5604,2
5637,1
2362,2
6514,1
4842,1
3026,1
745,2
7466,2
3689,2
869,2
84,1
5942,1
240,2
8017,1
3877,1
9046,1
5156,2
6685,2
7211,1
8880,1
8938,1
8592,1
3334,1
8610,1
3827,1
3887,2
9028,1
5782,1
550,1
7407,2
8847,1
3373,2
6153,1
9089,1
7329,2
673,1
5786,1
4372,0
3781,1
4347,1
6981,1
2472,2
7132,1
8449,2
5986,1
855,1
6222,1
7496,1
5611,1
3565,1
7127,1
1487,1
6565,1
3534,2
5136,1
8230,1
5610,1
850,1
8785,1
4853,1
2676,1
2554,1
260,1
1868,1
6706,1
1054,1
2716,2
3953,1
8297,1
4922,1
2642,2
3396,0
4447,1
8525,2
5840,1
6527,1
3884,1
8964,1
8718,1
5883,1
1152,1
5881,1
8768,1
2318,1
4624,1
7057,1
4348,1
5768,1
3832,1
2208,2
4081,1
6027,1
3870,1
302,2
3921,1
348,2
4862,1
26,1
3247,1
4273,2
2528,1
6464,1
8098,1
7598,1
7409,2
3310,0
1576,1
4045,1
4503,2
4224,1
542,1
1765,1
7089,2
3345,1
1165,1
7773,0
1928,1
6310,2
5797,1
1544,1
3973,1
8568,1
3281,1
3757,2
4246,0
4021,1
3558,1
8009,1
8080,1
4662,2
1536,1
5405,2
5580,1
7805,1
6797,1
6335,1
728,2
466,2
543,2
5201,0
3806,1
8272,1
2574,2
7149,2
7348,1
6481,1
5563,2
5935,1
8451,1
5853,2
5743,1
7913,1
3091,2
2604,1
3814,3
7951,1
4823,1
3230,1
1458,1
5328,1
4149,2
47,2
7690,1
174,1
6824,1
3434,2
6465,1
8075,1
2644,1
1764,1
7519,1
7305,1
7834,1
7713,1
4965,0
8175,1
1670,2
2667,1
4809,2
3761,1
6950,1
6334,1
2630,2
5274,1
3592,1
7428,2
4955,1
5478,2
3272,2
7098,2
8681,2
1109,0
8573,1
7587,1
7862,1
4923,1
5632,1
7214,1
6968,0
3244,1
4309,1
5414,2
685,0
3959,1
1586,2
6879,2
663,1
115,1
2285,1
6008,0
3833,1
6219,1
1518,1
8094,1
6478,3
4596,1
2489,1
5836,1
1658,1
2868,1
6911,1
6927,1
4543,1
2040,2
201,1
7729,1
6933,2
8784,2
5445,2
1540,1
1947,1
8401,1
8138,1
1034,2
2590,2
3500,1
6445,1
2923,1
839,2
2089,1
1452,2
5342,1
132,2
1079,1
3948,2
116,1
6983,2
296,2
4414,1
8806,1
6083,1
1676,1
4495,2
7072,2
5833,3
6323,1
7558,1
6194,3
5504,1
665,2
7658,1
6240,0
900,1
5005,1
1927,1
1713,1
3131,1
4896,1
3372,1
2353,2
2973,2
3110,1
5354,1
3432,1
6838,1
582,2
3243,0
412,3
2242,1
2402,1
6447,1
1910,1
7657,1
7664,2
778,1
335,1
6492,2
953,1
1295,1
4213,1
3275,1
2969,1
6584,1
1340,0
1151,1
9088,1
2619,1
8411,0
2599,2
8608,2
2253,1
2211,2
1083,2
8341,1
2888,1
3044,2
8825,1
1213,2
3842,1
2692,1
504,1
5806,1
8428,0
8482,2
1200,1
3286,1
3056,2
3016,1
3075,1
1420,2
8134,2
1645,1
7118,2
7324,1
5259,1
4252,2
4962,3
5697,2
6497,2
2682,1
633,1
1524,2
193,2
7525,2
4947,1
7319,2
1866,1
3209,2
1394,1
2151,2
6754,1
2336,1
7585,1
1944,1
6749,1
3137,1
7228,1
1583,1
5422,2
611,1
3446,2
2014,0
7594,1
5638,2
316,1
3421,1
6928,2
2920,1
1261,1
6075,1
8220,2
2219,2
5245,1
2266,1
8611,1
8597,2
1794,1
7188,2
2224,2
4201,1
2330,1
7970,1
422,1
5061,0
7105,2
4688,1
6313,2
7425,2
8996,2
5168,2
9054,1
2801,2
367,2
3932,1
3357,1
5636,1
7300,1
8777,2
5065,2
8957,1
2673,3
3692,2
3924,0
4491,1
519,2
3902,1
3991,1
5741,1
3578,1
8065,1
1229,1
108,2
7088,2
5688,1
2637,2
4848,1
5716,0
4355,3
1914,1
214,3
2072,2
8699,1
5565,2
257,1
7175,2
4352,1
7844,3
8988,2
5048,1
8654,1
8514,1
2718,2
657,2
4165,2
7233,2
3274,1
6264,2
5481,1
8989,1
2740,1
9053,1
518,1
979,1
2795,2
3202,0
6235,2
6945,1
6229,1
4197,1
8583,2
5689,2
4545,2
366,1
593,2
1297,1
5388,1
5015,1
7358,0
5987,2
427,1
9004,1
9003,1
453,2
880,1
253,1
3607,1
5066,2
1869,1
1690,1
1486,2
2176,1
7296,1
8317,1
1894,2
2953,1
4239,1
3808,1
9050,1
995,1
7648,1
3966,1
6309,2
3696,2
6459,1
8521,1
8603,1
185,0
2742,2
6696,2
3266,1
3066,1
4335,1
1699,1
150,0
5053,0
8121,1
4350,1
6372,1
3779,1
6440,1
6520,1
8924,1
5283,1
2830,2
2098,2
7967,1
2659,2
1026,1
4019,2
8122,1
7716,1
5873,1
3936,0
4152,1
9013,1
3931,1
954,1
2205,2
7706,1
3011,1
7165,2
7169,1
5030,1
2607,1
2745,2
2773,1
6178,2
3923,2
75,1
2526,1
6756,2
6233,1
5208,1
580,1
6331,1
3336,1
3828,2
2570,2
4474,1
2282,1
155,1
2436,1
8513,1
3049,1
7405,2
4585,1
4017,1
3754,1
1440,2
2733,1
5830,1
6657,2
8538,2
9010,2
7335,1
398,1
5113,1
1314,2
1790,1
2538,1
1587,1
7288,1
1664,2
2811,2
4963,1
5300,1
7403,2
6021,1
6117,1
2851,1
1853,1
5726,1
8701,1
8821,1
3584,2
220,2
8259,1
1391,3
3858,1
4524,1
2539,1
941,2
5599,1
395,2
7369,1
1207,1
5261,2
5948,1
6870,1
8196,1
481,2
3522,2
8054,1
1007,1
3254,1
3905,2
4687,2
4111,1
6738,2
2847,1
2883,1
8498,1
5171,1
8260,2
6762,2
8367,2
6344,2
7610,1
5733,2
7479,1
3380,2
3530,2
6568,2
2947,1
1427,1
795,1
7005,1
2241,1
4700,2
1903,1
6003,1
8434,1
5529,1
6115,1
8614,2
3622,1
4919,1
3641,1
4770,1
3077,0
7081,2
1785,1
9068,0
1573,0
6708,2
539,1
3885,2
8390,1
2567,0
8469,2
6825,1
5470,1
5243,2
6463,2
3589,1
2729,0
6302,1
4097,1
1125,1
1818,1
3960,1
4065,1
4264,0
8787,2
9015,1
1223,2
238,1
4018,1
2737,0
4627,1
4713,1
6257,2
34,1
6845,2
3090,2
5179,1
5945,1
683,1
5071,1
4535,1
8553,1
5193,2
6040,1
5683,1
5285,2
8139,1
4295,1
918,1
2031,1
891,1
4175,1
4328,1
8588,1
1323,1
5551,1
6620,1
8105,1
4179,2
3520,1
4904,2
739,1
2756,1
4408,2
6910,1
8468,1
8299,2
1749,2
1341,1
393,1
1496,1
5678,2
8517,1
4303,2
6509,2
5162,2
8261,1
471,2
4532,1
2216,2
6242,1
6774,2
963,0
2218,2
7879,1
4915,1
2994,1
8238,1
183,1
1663,1
401,3
3521,1
187,0
4008,1
7023,1
1180,3
4465,1
8646,1
7615,2
8123,1
2236,2
6755,2
4137,0
7997,1
557,0
267,1
2123,1
4212,1
4184,1
172,1
7663,1
8382,1
5823,2
1144,2
3864,1
2345,1
6039,1
8823,2
5778,1
7755,1
1160,1
8512,1
4218,2
4610,1
6404,1
4593,3
6559,2
1555,1
7196,1
5433,2
6597,1
4750,1
3556,1
1444,1
5022,1
6296,2
4398,1
4692,2
4057,1
5347,2
1773,1
3748,1
3861,1
4188,1
23,1
6239,2
7187,1
7719,2
2062,1
3048,1
1973,1
5239,2
5473,2
428,1
7458,1
2508,1
4413,1
4571,3
4652,2
5114,1
8246,1
306,0
3620,1
1655,1
8337,2
3285,1
5598,1
7394,2
8745,1
4868,2
3830,1
4686,2
3164,2
6956,0
7199,2
4468,0
1684,1
3422,1
2268,1
4371,1
171,1
7731,0
8271,1
6547,1
8418,1
3804,1
7820,2
5784,1
3466,2
2828,1
2326,1
6135,0
2700,2
6133,1
4501,2
4484,1
4158,1
4707,1
6053,1
6777,1
2741,1
5429,2
7975,2
8647,1
6517,2
6173,3
1681,1
1504,1
2678,1
6148,2
5125,1
2221,2
2148,1
3601,1
5721,2
1143,1
1727,2
1612,1
2532,1
6094,1
7359,2
6682,3
2793,1
325,1
5654,1
8011,2
3461,2
7735,2
3253,1
4924,1
4080,2
8594,1
4580,1
265,2
1209,2
90,1
647,1
7094,1
7208,1
5289,1
2240,1
5148,1
8331,1
755,1
6358,1
3333,1
3062,1
2420,1
6402,2
1826,1
1439,1
3979,1
8413,2
7219,3
4858,1
3913,2
1246,1
4217,1
6733,0
4914,1
7985,1
1171,2
7653,0
4744,2
7382,1
2690,1
2283,1
1432,2
8653,2
384,1
934,1
3983,1
2204,2
517,2
2315,1
8424,1
6690,1
3618,1
3391,1
3127,1
7420,2
1736,1
3515,3
3452,1
8402,1
1839,2
2185,3
6072,1
1389,1
4576,1
3034,2
2196,1
621,0
6454,1
1196,1
5488,3
7325,1
4682,2
6671,3
2220,2
5241,0
5963,1
7221,1
284,1
5566,2
603,3
7445,1
5495,1
769,1
1350,2
378,0
6147,0
8043,1
5852,2
3204,1
2840,1
3862,1
3844,2
3448,1
8870,1
7367,1
480,2
5613,1
573,1
4373,1
105,2
5644,2
3801,3
756,1
1493,1
7013,1
5620,3
6263,1
55,1
2752,1
7449,2
4048,2
4027,1
5960,1
2621,1
6580,1
5268,1
8798,1
8832,1
2391,1
2289,1
3721,1
6802,1
8204,1
5701,2
354,1
1953,1
7236,2
5278,1
1976,1
3997,2
6475,2
1086,0
8387,1
6878,1
4473,1
1777,1
4852,2
824,1
2525,2
4657,2
8327,1
4323,2
8509,1
5406,1
3663,1
239,1
314,1
4397,1
5230,1
6168,1
8660,2
760,1
1398,1
5049,1
7026,2
5182,1
5725,1
5765,0
8381,1
2655,1
4386,1
5357,1
1076,1
2186,1
7643,2
87,1
2749,0
4181,1
434,2
1023,1
4890,2
1720,1
1062,2
7139,1
3903,1
1879,1
1696,1
6583,1
1159,1
3103,2
230,1
3384,1
863,1
3699,2
43,1
5435,2
1923,3
7350,3
7854,1
1455,1
6689,0
275,2
4477,1
2815,1
6325,1
6105,2
7461,1
1459,2
5124,1
955,1
1577,1
8620,1
4426,0
910,1
2686,2
8316,1
8189,1
6719,1
4903,1
6851,0
5474,0
6771,1
1387,1
2484,1
9025,1
2754,1
8837,0
2038,1
4487,1
4412,2
5574,2
4037,1
5341,0
1044,1
5647,1
6035,1
2245,1
6732,2
6881,1
1756,1
7715,2
7148,2
4461,1
5134,1
2694,1
7759,2
4462,1
4494,2
4120,2
5888,1
866,1
5078,1
3212,1
7475,1
7137,1
5345,1
156,1
7299,2
1363,1
5720,1
5034,0
5916,1
6079,1
3568,2
7828,1
2094,2
2542,1
1975,1
2457,2
4746,1
3116,2
3143,3
7638,1
4816,1
2025,1
7660,1
3869,1
5555,2
2142,1
6453,1
3283,1
3420,1
2730,1
6348,1
3138,1
1169,1
8543,1
1257,1
1811,1
6299,2
4379,1
6923,1
1191,2
1705,2
4979,1
6028,1
6887,0
8843,1
4519,1
3672,1
8802,1
6890,1
2856,1
6940,1
1897,1
2048,1
2975,1
5567,2
7131,1
8008,1
141,2
1201,1
2529,1
7453,2
7282,2
40,1
2465,2
6803,1
6979,1
7217,1
7507,1
2732,2
7503,3
3032,2
5496,1
4265,1
3510,2
6872,1
3450,2
473,2
8650,1
6678,0
5943,1
4669,2
5301,1
662,1
7651,0
8203,1
1707,1
4833,1
3289,2
3753,2
6330,1
6659,2
1276,1
2100,1
909,1
3640,1
7929,2
4128,1
8154,1
6640,1
8400,2
2961,1
8655,1
4056,2
6123,2
7960,1
2720,2
6588,1
7018,2
6249,1
2144,1
6490,1
6529,0
4864,0
6607,1
5428,2
3355,1
8616,1
5521,1
737,1
3927,1
4737,2
79,0
6073,2
4830,1
6218,1
1635,1
4486,1
7376,1
8118,1
8694,1
3826,2
6285,0
143,2
468,2
9087,1
6841,0
5497,1
4640,1
1659,1
826,1
6893,1
4934,3
1965,0
797,1
2932,1
6297,2
3273,2
3659,2
7561,1
8066,1
6130,1
6656,2
8506,1
3625,1
8490,1
1038,1
4506,1
3095,2
716,1
2699,1
3417,1
98,1
7948,1
2901,1
3302,1
1950,1
6826,1
1991,1
8019,1
7995,1
5819,1
2962,1
7656,1
3614,1
5769,1
5320,0
8532,1
488,1
298,2
5848,1
2537,2
7124,1
4998,0
5075,1
4537,2
32,1
109,1
7448,1
7434,1
8172,2
5608,3
5052,1
299,2
2833,2
3750,1
4641,1
6918,0
4705,1
1952,1
636,3
5976,1
8625,1
5238,1
7416,2
6241,1
1553,0
272,2
3617,2
1092,2
2482,1
8077,1
478,2
2180,1
7758,1
153,1
4966,2
6925,1
2455,1
882,2
7621,2
6341,1
3747,1
7038,1
4726,2
3759,1
4948,1
1401,1
6948,1
4575,1
2233,2
3472,1
8719,1
2778,2
295,2
798,1
1704,1
8223,1
439,1
6016,2
8960,1
6828,1
7788,0
7779,2
4436,1
3378,2
7803,1
2761,1
6281,1
5036,2
8034,1
7185,1
7979,1
5055,1
1918,1
2129,1
3716,0
3649,2
5722,1
1346,1
9032,1
456,2
830,1
4395,2
5151,1
4312,1
2254,1
8072,1
1929,1
7634,2
4418,1
3906,1
7818,1
8166,1
4286,2
1936,1
1913,1
6585,2
2759,1
5801,2
4298,1
3108,1
1069,1
3403,1
1835,2
8219,2
1832,1
7440,1
3082,2
3385,1
7482,1
1862,1
8831,2
8268,1
6119,1
2617,1
8229,1
8913,1
5163,2
1724,1
4394,1
1362,2
8456,2
3233,1
2210,2
4333,2
978,1
3436,2
8544,2
124,1
1567,1
5709,1
8245,2
1242,2
1011,0
6532,2
6942,0
4235,0
7370,1
5502,1
5356,1
7637,1
8284,2
2311,3
7976,1
1370,1
8846,2
1020,1
2461,1
6181,2
4927,1
3705,1
1547,1
3106,2
2572,1
4988,1
4482,1
8232,1
2826,1
8902,3
2187,1
8747,2
3312,1
2719,0
5649,1
4437,1
524,1
4689,1
4145,0
4581,1
7993,1
1448,1
3752,1
494,1
3911,2
8993,1
7654,1
831,1
1855,2
4043,1
2356,2
2594,1
4951,1
4999,1
7774,1
3265,1
8728,2
2654,1
7800,1
6873,0
4100,2
7292,1
8373,1
8893,2
5601,2
4315,1
3503,1
5902,1
7462,1
1279,2
362,1
1905,1
3483,1
2769,2
5857,1
7672,1
424,1
5713,2
3150,3
5870,1
5123,1
820,1
6255,1
8420,1
3193,1
4946,1
7528,1
2880,1
5130,1
1214,1
604,1
3671,2
2248,1
688,2
4180,1
703,1
2084,1
2477,1
3105,1
8354,1
7378,1
2243,1
6163,2
7670,1
6162,1
2474,2
5879,1
2105,1
8680,2
2550,1
5998,1
9079,1
5498,1
5968,1
8953,2
2714,1
3762,1
6801,1
1046,1
6734,2
7738,1
8380,1
1662,1
5558,0
695,1
6970,1
6375,1
2797,2
1249,2
6668,1
5037,1
6654,1
3248,1
7110,1
2097,0
768,1
1148,1
5776,1
2657,0
6047,1
6138,1
3222,1
6504,1
3360,1
7909,2
561,1
6684,0
3512,1
2352,1
4293,1
6455,1
7227,1
6830,1
1012,2
1882,2
3611,1
7722,1
4935,1
2841,2
5180,1
1285,1
2993,1
1204,1
5215,2
5931,2
7981,1
5639,2
2744,3
3496,1
4226,1
4977,2
6840,0
4940,1
1411,1
1043,2
4407,2
3557,1
8398,2
8558,1
3296,1
4565,1
1080,2
7360,1
4022,1
5821,1
68,1
1957,1
7397,2
2139,1
7264,1
4282,2
7631,2
2431,1
7846,1
4321,1
1105,2
2663,1
8488,1
2822,2
7893,0
8855,2
7056,1
5246,1
5384,1
7650,1
8894,2
8481,2
5791,1
8213,2
7387,2
5738,2
6059,1
4052,1
1454,1
2042,2
3778,2
6502,0
340,2
7809,1
6001,1
3954,1
4240,1
2015,1
3598,1
4912,1
8169,1
6467,0
5263,1
8567,2
4349,1
2206,2
8733,1
7619,2
7696,2
715,1
7870,2
5595,1
110,1
2571,2
4103,1
336,1
5641,1
5724,1
730,1
6558,2
8571,1
7603,2
8183,2
3502,1
2288,2
608,0
41,1
651,1
8737,1
498,1
6673,1
7539,1
6722,1
1552,1
4238,1
1302,1
5091,0
1983,1
4365,1
3416,2
933,2
3667,2
5001,3
7641,1
1494,1
7316,1
6740,1
3126,1
7549,1
8555,1
2290,2
6041,0
2453,1
5302,1
906,1
2512,2
3939,1
4150,1
6057,1
8467,1
3731,1
7681,1
7232,1
1827,1
4881,0
7054,1
1750,1
7226,1
5349,0
6225,2
4062,1
1017,2
6193,1
6322,2
8559,1
7147,1
3777,0
5266,2
2597,2
1608,1
7754,1
5803,1
6630,1
2524,2
8335,2
6378,2
2743,2
4699,2
6986,1
3992,1
8959,2
5594,1
6032,1
1376,1
3430,1
3707,2
3177,1
3341,3
3191,1
5346,2
2560,1
415,1
5994,1
2589,1
1399,2
3081,1
6139,1
1309,1
389,1
4384,1
3576,1
6975,1
693,2
7017,1
4194,1
387,0
874,1
8343,1
733,1
8160,1
2225,1
1096,1
7285,2
6423,1
3226,2
5547,2
8294,1
4888,1
7340,0
4138,1
8371,1
4644,1
1640,1
2449,1
4567,1
3822,2
6965,1
5329,1
1854,2
1771,1
1556,1
1738,1
2349,1
586,1
6171,1
1317,0
4244,1
3192,1
6992,2
3896,1
7949,1
5814,1
5634,1
508,1
7745,2
8326,1
8216,1
4361,2
8313,1
8754,1
4566,2
8948,1
8566,1
5581,2
6050,1
8120,1
3710,2
5941,1
6785,1
2647,2
510,2
7051,2
868,2
563,2
402,1
2839,1
8329,1
7092,2
8931,1
6533,1
6250,2
7596,1
8093,3
2033,1
3479,1
216,2
944,2
4332,1
326,1
3339,1
8817,1
4877,2
3308,2
8465,1
5068,1
7059,2
76,1
2252,1
7560,1
4579,1
2890,0
4419,1
8014,1
8395,2
1010,1
8709,1
8788,1
3819,1
8534,1
8911,1
1465,2
1625,0
8364,1
595,1
8344,2
5404,2
5002,1
1198,1
8262,0
1908,1
4344,2
8031,1
5773,1
1543,1
1430,1
6452,2
8978,1
602,2
4939,1
5745,1
6244,1
8590,1
2514,1
8605,1
4011,0
2996,1
5578,1
5538,1
2479,0
6964,1
1622,1
2307,1
842,2
7426,1
7291,1
7903,1
2640,1
4989,3
7822,1
1857,2
1513,2
8667,1
5154,2
5147,1
3635,1
6707,1
3038,1
3169,1
8751,1
8028,2
8274,1
925,1
7703,1
5615,2
8736,1
5670,2
2530,2
2279,0
6908,2
618,1
4616,1
5380,1
767,1
357,1
48,1
6013,1
3859,1
5387,1
8117,1
2668,2
5932,2
1712,1
72,1
6780,1
6600,1
4804,1
6381,2
1326,1
7555,1
8237,1
2945,1
4638,1
5899,1
8163,1
5966,2
464,2
8658,2
5577,2
1755,2
5602,1
5747,1
3190,1
754,1
777,1
3181,2
3405,2
565,2
8248,1
311,1
8254,1
865,0
6425,1
7746,1
8421,1
7031,1
6883,1
3704,1
8668,1
5800,1
977,1
8703,1
3305,1
9026,1
8761,1
7737,1
1685,1
7540,2
6644,1
7133,1
4520,1
8508,1
1436,1
226,1
4563,2
1337,2
6961,1
6884,1
3965,1
8579,2
3410,2
921,1
937,1
2601,2
6005,1
3624,2
2136,2
6145,1
5822,1
243,1
5306,0
342,0
3606,0
5442,2
2970,2
8060,1
4555,1
2531,2
6989,1
2693,1
3976,1
7633,1
2260,2
6587,2
2804,1
8916,1
935,2
1912,1
6097,1
7155,1
7408,1
4753,1
3182,1
2108,1
2948,1
8336,2
1464,1
3700,1
8409,1
6230,1
4717,1
7832,1
8726,1
3987,2
5235,1
4508,1
8040,1
6651,1
3662,1
7008,1
1456,2
3361,2
2588,1
2365,1
5400,2
710,1
2232,2
7887,1
6903,2
3109,1
2373,1
3464,2
6800,1
6063,1
2724,2
2017,1
5842,1
1706,1
8906,2
1280,1
3002,1
9005,1
4771,1
2132,1
9044,1
3772,1
1814,1
49,2
6442,1
1066,1
821,2
121,1
5693,1
4336,2
6024,1
7055,1
2016,1
679,2
7414,2
3086,1
7931,2
8201,3
1122,1
5780,2
5295,1
6560,2
8615,1
7683,0
3985,1
1786,1
5740,1
1737,1
8328,1
4317,2
5077,2
6916,3
7857,1
8670,1
8241,1
1064,2
103,1
4089,1
2881,1
148,2
3454,3
7881,1
1783,1
475,2
8689,2
3627,1
1525,1
4012,1
2160,2
8295,1
1328,0
5702,1
7727,3
1451,0
381,1
7629,1
7568,2
7829,2
2088,1
727,2
549,2
3807,0
993,1
1119,2
8589,1
279,2
7206,1
3745,1
1338,1
2595,1
5922,2
7551,2
370,1
5309,1
8714,2
7726,1
4592,1
8604,1
8790,2
7743,1
1474,1
6098,1
5318,1
7166,1
3064,2
126,1
6349,1
6327,1
4629,1
4345,1
8355,1
3069,1
2305,1
2168,1
2874,1
2845,2
5979,2
2527,1
8228,2
548,2
5427,2
7269,2
3866,1
5408,2
2557,1
3695,2
927,1
5834,1
2441,2
7402,2
442,1
6699,1
7684,1
5754,1
5748,1
251,1
5751,2
1718,1
6390,1
6383,2
7447,2
6432,2
8732,1
1846,1
244,2
1646,1
8128,1
8672,1
8720,1
368,1
4281,2
5018,0
5625,1
3839,0
4764,1
3171,1
2583,2
3144,1
1610,2
8133,1
2870,1
2966,1
3445,1
7481,1
2401,1
1580,0
3058,2
3259,1
6038,1
7982,1
2586,1
4953,1
5105,1
7676,1
2849,1
5928,2
1979,1
605,1
3567,1
8275,1
4586,2
8053,1
8997,0
5682,1
258,1
329,2
8641,1
3764,1
7680,1
3982,1
4096,0
359,2
286,1
8113,1
1617,1
3349,1
5348,1
4899,1
4957,1
8516,2
4712,1
4826,3
8416,1
1385,1
19,1
9066,2
1318,1
3690,2
6000,1
6248,1
7446,2
1807,1
8059,1
3688,2
4600,1
4724,2
2725,1
4311,1
6593,2
2170,1
7012,1
1673,1
5337,1
2611,1
4026,1
6080,3
2763,2
2128,1
7693,2
5070,2
4840,1
721,1
5157,1
2308,1
1505,1
1428,1
8090,1
3969,2
849,1
5358,1
1887,2
7451,2
7945,1
6804,0
4611,1
6642,1
1141,1
8838,1
8794,1
6205,1
5004,1
5875,1
1969,1
7588,1
5254,0
2476,1
8757,1
1815,1
99,1
902,1
3797,0
3295,2
436,2
7620,1
112,0
7271,2
2485,1
8195,1
2614,2
6412,2
3160,1
815,1
2861,1
2838,1
3344,1
6303,1
2875,1
1074,1
6471,2
8475,2
936,1
6888,0
884,1
1382,1
4316,0
6769,1
6108,2
6151,2
3325,1
4755,1
4353,1
7536,1
3176,1
2047,1
4749,1
7983,1
2010,1
6697,2
3411,1
949,1
8,1
1468,1
4672,1
8554,1
6849,2
2712,1
6150,1
8863,0
3219,1
7474,1
117,1
3250,2
1974,1
3208,1
7501,2
6647,1
2028,1
8439,0
3139,1
3059,1
7388,2
1597,1
7392,2
6901,1
255,1
313,1
6231,1
7334,1
5519,1
7801,1
4787,1
6700,0
974,0
3499,1
2121,1
2519,1
8361,2
8020,2
8515,2
1592,1
3647,2
1113,2
2776,2
7141,1
8342,1
8193,2
8780,1
7270,1
7353,0
7567,1
4346,0
569,1
5767,2
6638,2
419,1
3776,0
470,2
3737,1
4172,0
1234,2
3371,1
8127,2
20,2
4167,1
2723,2
2371,0
7339,1
53,1
5183,3
2980,1
6687,1
947,2
4788,1
7937,1
4450,1
7061,2
7582,1
2963,2
6526,1
7639,1
2297,1
5008,2
2079,1
5225,1
7849,3
1377,2
8403,1
713,1
1111,2
4835,1
232,2
8591,3
4010,1
4207,1
7781,1
218,1
2456,1
9014,1
6203,2
3930,1
8786,2
5619,2
2188,2
889,1
8181,1
7852,3
2552,0
2641,0
7613,1
8682,2
570,1
3271,0
1371,2
7513,1
4703,2
5522,2
7395,2
2207,2
3397,1
1426,0
1920,0
564,1
8674,3
3369,1
3196,2
4533,1
2926,1
6834,1
3575,1
5332,1
3083,1
577,1
823,1
7616,2
7151,2
3115,1
1133,3
1708,1
3744,1
1623,2
5110,1
8477,2
1022,0
6113,1
5011,2
6573,2
8131,1
5438,1
7678,1
6693,3
6510,2
2333,0
3276,0
7460,1
2370,1
8691,2
7720,1
6015,2
95,1
2535,1
2915,2
5210,1
8748,2
3065,1
3347,1
6077,1
8752,1
5493,1
3353,1
7294,2
6196,1
454,1
6571,2
5686,1
6648,1
3938,2
3893,2
3836,1
5534,0
6391,2
7694,1
7823,1
4538,1
581,1
7079,1
6521,1
968,1
2473,2
5121,1
5756,1
3130,1
1410,1
8550,1
4847,2
5974,1
4768,2
2691,1
8443,1
7602,3
7398,2
5934,1
5196,1
8146,1
1185,2
3580,1
871,1
8704,0
3945,1
6869,2
8472,2
8539,1
8041,1
4715,3
4385,1
3670,1
2581,1
91,1
2067,2
2450,2
2118,2
1801,2
3724,1
2317,1
6110,1
5650,2
7389,2
3769,1
8339,1
8314,1
4622,1
8909,2
7516,2
7078,1
8671,1
1711,2
8834,1
3306,1
4510,2
202,1
1514,1
7423,1
7250,2
4478,2
7776,1
5788,1
3755,1
147,2
750,1
4458,1
383,1
536,2
1581,1
7,2
3978,1
3213,1
7260,1
7062,2
5093,2
5350,1
8494,2
1719,1
7235,2
7074,0
5583,1
1156,1
6317,0
8070,1
2418,2
6062,1
6149,0
7517,2
5031,1
8889,2
2978,1
2990,2
3886,2
6159,1
3555,1
7347,1
829,2
8212,2
1137,2
7471,1
9011,2
3770,1
7336,1
487,1
5059,3
8023,0
896,1
8149,1
4380,1
8595,2
5609,1
6120,0
7991,1
3851,2
122,1
682,2
1089,1
8627,1
8162,1
6616,2
5573,1
1860,2
7411,2
3834,1
3878,2
8286,2
5850,1
479,2
3458,2
3236,2
5128,2
6692,1
5825,2
5560,2
7923,2
8884,2
1722,1
3714,1
7099,2
2281,1
7853,1
2104,1
5864,1
2092,1
6866,0
5430,2
1565,2
8473,1
2912,1
4971,1
1110,1
9048,1
719,2
2175,1
334,0
1796,1
3080,1
4709,1
3010,2
8560,2
1060,2
1093,2
2603,2
8793,0
6703,2
6875,2
3961,1
4463,1
8086,1
8165,1
528,2
5901,1
3665,1
2696,1
425,1
2739,2
1290,1
1754,1
4168,1
4534,2
5131,2
5999,1
807,1
6863,1
4878,2
1466,0
1383,2
7053,1
4166,1
4422,1
1510,1
6789,1
184,3
330,2
379,1
574,1
533,0
642,1
6477,1
3067,1
1996,1
5965,1
6833,0
225,2
1594,2
2658,1
2161,2
6437,1
6260,1
5440,1
17,2
6018,3
6846,2
5325,1
2002,0
2866,1
5067,1
8504,1
1956,1
2380,2
5159,1
4742,2
8844,1
6290,2
5122,2
204,1
5671,2
2347,1
911,1
2214,1
3727,2
4117,0
7874,1
1614,1
3197,1
2114,2
3958,2
8311,1
6373,1
6715,1
7036,1
588,2
3156,1
1013,2
4905,2
8315,1
7201,1
2629,1
5626,3
3506,1
7734,1
6847,2
4602,1
4780,2
7183,2
1049,1
5102,1
107,2
552,1
4839,2
8856,1
1877,1
4623,1
5371,1
7467,2
4170,1
1056,2
5763,0
5247,1
2985,1
7441,1
1029,1
3359,1
4383,1
2346,1
7365,2
6944,1
6462,1
5617,0
632,1
7764,1
3972,2
5437,2
724,2
887,1
2194,1
9060,1
8239,3
8348,1
5160,1
6435,1
4291,1
5967,1
2085,1
448,1
4249,1
6939,1
5903,1
7082,2
8828,1
3170,1
4069,1
707,2
9070,1
6815,2
477,2
2846,0
5463,2
6014,1
5861,1
2234,2
6991,1
2419,1
5099,1
6622,1
1471,2
5197,1
2995,2
1515,1
7415,2
7259,1
4843,1
1774,1
3652,1
7390,2
2134,1
485,1
6664,1
6705,1
2958,1
6470,2
2197,1
7742,1
6621,0
5858,1
6716,2
4667,2
6868,1
5142,1
5675,2
4370,1
4968,2
446,2
5455,2
964,2
8875,1
1802,1
8001,1
2974,1
554,1
5985,1
809,1
2146,1
5401,2
2887,2
899,2
1349,2
6009,1
1967,1
1800,1
1388,1
369,1
689,1
1085,2
6759,1
8731,1
131,2
7170,1
1770,1
1930,1
1272,1
6660,2
5489,1
6788,1
1258,1
8510,1
8742,1
1579,1
4886,2
1254,1
4001,1
8074,1
1021,1
7273,2
3268,1
234,1
4279,2
2295,3
4268,2
7883,2
2050,1
5680,1
4978,0
6268,1
7177,2
8289,1
7200,0
7279,2
691,2
6717,1
4548,1
1803,1
4457,1
8057,1
6022,1
6288,2
2217,2
5523,1
8528,3
7659,1
8887,2
36,2
3052,1
1761,1
4564,2
1703,1
4177,2
6367,1
2013,2
2933,1
2913,1
2755,0
6067,0
6936,1
4334,1
2939,1
1946,0
2192,1
1015,2
709,1
3304,1
8928,1
197,1
8724,2
7864,1
1917,2
6321,1
8970,3
2467,2
8039,2
2639,1
4075,1
8900,2
6362,1
2899,3
3767,1
5166,1
8692,1
6513,1
3068,2
5742,1
3514,2
3669,1
2703,2
6670,2
5051,1
3180,1
5491,1
2027,1
506,0
2165,1
975,2
1775,1
4459,3
637,3
7439,1
6441,1
1495,1
1470,1
641,1
175,1
6935,2
8797,1
7757,1
1509,2
2460,2
7318,2
5804,2
3943,2
6681,2
8089,2
4444,1
5313,2
6977,2
4908,1
2324,0
3241,2
6746,1
9077,2
5188,2
1562,1
5651,1
2083,1
2433,1
8141,2
6137,1
4821,2
8025,1
195,1
5676,2
8637,1
221,2
4064,1
1172,1
3041,1
8557,0
805,1
4375,1
1571,1
8619,2
2195,1
2276,0
8491,1
2327,1
1294,2
1311,1
321,1
4479,2
3879,2
4131,2
4588,2
3459,1
2735,1
6134,1
2541,1
4285,2
5927,1
2149,2
3573,2
997,1
6997,2
2577,1
1224,1
1121,2
7912,1
4369,3
6126,1
2000,1
5141,1
5618,1
814,1
8815,2
1595,2
5761,1
873,1
3787,1
8396,1
4073,0
331,3
7554,1
5421,2
3485,1
9082,1
6474,2
6627,1
4162,2
7798,1
2649,1
8055,1
5457,2
7586,1
4163,2
4964,1
7281,1
3984,1
375,1
4773,1
2184,1
4248,1
6511,2
7241,1
2164,1
4476,1
4243,1
3636,1
2747,1
8857,1
7947,2
4568,2
400,2
2917,2
2670,1
458,1
6799,1
6388,1
2309,1
7880,1
2705,1
7968,1
3899,1
3768,1
6183,2
8753,1
5111,2
6278,1
3933,2
4582,1
9059,1
4695,1
3440,1
5846,0
3845,2
2771,2
3538,1
7100,2
938,0
763,1
2463,1
8949,2
309,1
8431,1
6500,1
7955,1
4861,1
460,2
2796,1
7321,1
3018,1
8700,1
3284,1
7679,1
246,1
3428,2
1281,2
5785,1
653,1
4169,1
459,1
5622,1
852,2
2244,1
4517,1
3650,1
8231,1
6216,1
6914,1
6336,0
5703,3
1071,1
8158,1
7417,2
70,1
3634,0
1829,1
5520,1
3366,2
7436,1
856,1
7533,2
770,1
349,2
1739,2
6270,1
5219,1
9047,1
4155,1
8453,1
1966,3
2496,0
5856,0
4763,1
4735,1
6259,1
6835,1
1482,1
8476,1
4786,1
3605,1
1517,1
61,1
6806,2
4392,1
474,2
8035,1
4066,1
1733,2
6320,1
7381,1
5383,2
5138,1
2631,1
3335,1
6494,1
3562,1
1700,1
2008,1
6025,1
3392,1
1838,2
7573,1
6118,2
8161,1
6663,1
5983,1
2653,2
6350,1
1978,1
6508,2
8779,1
7090,1
4794,1
817,1
8885,1
7429,2
5579,1
2503,1
6552,1
5312,2
3442,1
2889,1
4038,1
7645,2
7247,1
7174,0
7859,2
8470,1
692,3
857,0
5843,1
1537,1
1339,1
5226,1
757,1
2908,1
2081,2
832,2
7895,2
5271,1
7999,1
1643,3
2810,1
516,1
182,1
2153,1
7527,1
3875,2
8280,1
2972,1
3415,2
7878,1
3547,1
6943,1
5855,3
696,1
6023,3
6074,2
5605,3
1182,1
8707,0
3734,1
915,1
5425,1
1116,2
1828,1
837,2
3802,1
652,1
4781,1
888,1
65,2
6966,1
3480,0
8308,2
2853,1
120,2
4490,1
4691,1
6501,1
4986,2
1158,1
1539,2
3537,1
2448,1
1364,1
8276,2
4314,1
429,2
22,2
8068,1
4557,1
4601,1
7936,1
6814,1
7194,2
6984,1
140,1
6017,1
8285,2
5757,1
5161,1
3474,1
670,1
6363,1
835,2
1968,3
1117,1
4716,1
515,2
3228,2
646,2
3703,1
8801,1
4975,1
7831,1
6586,2
3238,1
3004,1
2469,1
5203,1
6112,1
3882,2
6856,1
3728,1
3656,1
1088,1
2237,2
3994,1
2976,1
1001,3
6364,0
4504,1
6751,1
2736,3
4206,1
4752,1
1463,2
3092,1
7897,2
7223,1
4098,1
2794,1
8320,2
6078,1
961,2
2664,1
5133,1
1490,3
8727,2
6060,1
2143,1
4196,1
5808,1
5367,1
2981,1
8191,1
1104,1
6449,1
643,1
6385,1
6765,1
1437,1
4918,2
5432,2
8218,1
1895,2
1308,1
3375,2
1052,1
6778,2
490,1
6782,1
1403,1
5525,2
4590,1
7910,1
6650,1
1938,1
2965,1
8047,3
3028,2
5296,1
2987,1
4690,1
4123,2
7484,1
3407,2
4929,1
3722,1
338,2
7007,2
5060,1
4046,0
8764,2
4871,2
3224,3
7661,1
6308,1
5919,2
445,1
6237,1
7301,1
5518,1
1147,1
1772,1
5355,3
4186,1
2265,1
7483,1
2439,2
294,2
264,1
589,1
8211,1
4146,1
6282,2
8226,2
2871,2
4569,2
7901,1
6506,2
3072,1
8277,1
3741,1
3076,1
5000,2
6045,1
5304,2
6484,2
7521,1
6554,1
5629,1
6020,1
998,2
2624,1
4774,1
5292,1
4630,1
1649,1
877,1
5362,1
8124,1
3793,2
3494,2
6107,2
6386,2
655,1
725,2
6460,1
1357,1
151,1
5333,1
7163,0
3000,1
4112,2
1003,1
2421,2
35,1
6006,2
3956,2
8457,1
3242,1
3039,0
2004,1
1009,1
82,2
7698,1
7989,2
2101,1
2622,2
8705,1
1971,1
8596,1
1303,1
3693,2
6512,2
7413,2
6301,2
192,1
4628,1
1416,1
7590,1
3569,1
3542,2
5980,1
6528,2
1842,1
7811,1
4522,1
1904,1
8388,3
8933,2
793,1
6188,2
2106,1
5080,1
1602,2
8952,1
1631,1
410,1
7618,1
8236,1
6198,0
2475,2
7804,1
1698,0
6461,1
8145,1
773,1
4757,1
4068,1
1890,1
6434,1
8064,1
8954,1
2064,1
4133,1
4562,2
8722,1
2585,2
2458,2
3729,1
4694,1
7327,2
77,1
5896,1
1591,1
1431,2
7489,1
4189,1
3981,2
3128,0
1330,1
3099,1
3050,1
3060,2
4023,1
6200,1
7510,1
4460,1
6736,1
4439,2
5314,1
1500,1
6458,1
671,1
2193,3
4995,1
5712,1
6929,1
4827,1
7538,1
1990,1
7791,2
8766,1
5600,2
7310,1
3352,1
2955,2
2799,1
940,1
5090,1
8217,1
566,1
2903,2
7258,1
2239,2
7692,1
1396,2
5643,2
5364,1
5286,1
992,2
5170,2
7266,2
6540,1
601,1
2181,1
531,2
5696,2
1220,0
6316,3
2843,2
6095,1
9083,1
3054,2
2005,1
4817,1
1575,1
616,1
583,1
3014,1
7871,1
1134,1
6564,1
1175,2
2991,1
2940,1
290,2
4411,2
7030,0
455,1
3367,1
2510,1
6839,0
5990,1
4636,1
7930,1
7851,1
6184,2
4092,2
1747,1
7564,1
6031,0
1467,1
5206,1
452,2
1386,1
1329,1
3053,1
8609,1
3509,1
3100,1
4433,1
5360,1
6886,1
2478,2
5276,1
7109,2
6714,1
819,1
6498,1
7512,3
9037,1
5793,1
7953,1
6456,0
2576,1
5940,1
4907,2
7497,2
7935,1
7710,1
6794,2
3288,1
7037,1
7524,1
8930,1
3252,0
2760,1
5798,1
5867,1
6092,1
922,1
5667,1
4782,0
2403,1
4505,1
8688,2
6208,1
596,1
7267,1
5661,1
6476,1
8200,3
203,2
3691,1
8378,1
3424,1
4185,1
7876,1
4528,1
6345,1
5737,0
2615,1
2789,1
4825,1
4083,2
7545,1
4192,1
3214,1
6855,2
4859,1
4518,1
2001,1
2609,1
931,1
7741,1
3245,1
2832,2
7289,1
7907,1
4072,1
1686,1
8990,2
1190,1
5564,2
6758,1
8795,1
5089,1
5025,1
1873,1
8013,1
7500,1
8202,2
6629,1
9078,1
996,1
4845,2
2375,1
6882,1
7795,2
3009,1
317,1
3318,1
5074,1
2765,1
5209,2
2882,2
3431,2
3237,1
4340,1
3516,1
5184,1
7717,1
7675,1
4779,1
3678,1
8369,2
6042,1
4241,1
8813,2
525,1
1313,1
5417,1
6096,1
6555,1
4898,1
5892,1
4270,2
7514,0
7377,1
930,2
4813,1
1729,1
8067,1
361,1
1795,1
8148,2
7284,1
9080,1
7286,2
5190,1
5447,2
7091,2
7063,2
4642,1
2412,1
3227,2
1478,1
980,2
4262,1
8258,2
7303,1
1615,1
2803,1
5795,1
1316,1
3061,2
2278,0
587,1
3980,1
5116,1
42,0
4307,2
6400,1
1380,1
1710,2
1582,1
958,0
5796,2
9012,1
4430,1
7628,2
8791,2
6614,1
4828,2
5029,1
2406,2
4530,1
5658,1
2946,1
3022,1
1891,1
976,2
8024,2
6399,1
3846,1
5144,1
4605,0
3916,1
7254,2
407,0
5316,1
2726,1
8804,1
1162,1
1709,2
8184,2
1621,1
5910,1
5790,1
138,1
8332,1
7332,1
4255,1
1994,1
1793,1
4761,1
3666,2
2331,1
762,1
2568,1
6688,0
301,2
5970,1
5446,2
522,1
3955,1
8287,2
1087,1
2613,2
4329,2
4677,1
3217,1
1250,1
2591,1
1446,1
8649,1
6088,1
7257,2
7508,3
7565,1
6822,1
8106,2
178,1
5959,1
1126,1
1210,2
7178,1
3595,1
6723,1
3504,1
729,2
3847,2
5338,1
4648,2
5212,2
8743,1
3465,1
4200,1
5244,1
7885,2
3093,0
1951,0
1671,1
8929,1
6917,3
242,2
2950,1
7108,1
7308,1
1031,0
5895,1
7642,1
1483,1
1884,1
1289,1
5054,2
1848,1
315,2
3071,1
6999,1
4306,2
6214,1
4792,1
3167,1
9086,3
7246,2
6628,1
971,2
5503,1
1744,1
5155,1
2102,1
3551,1
3354,0
6993,2
5443,2
7181,2
4572,1
7761,1
5275,1
2674,1
841,1
6539,1
4910,2
7609,1
2382,2
8684,2
7084,2
5818,3
827,1
390,1
493,1
3008,3
8878,2
6972,2
6084,1
3319,1
606,1
4428,2
4104,2
4573,1
4680,1
5484,2
1039,2
8992,1
7963,1
8805,1
4078,2
5964,1
360,2
8897,1
4283,2
3012,1
7714,1
6581,2
684,1
2734,1
2261,2
3941,1
960,1
2498,2
1734,1
1369,1
6338,2
2133,2
6033,2
5173,1
5449,2
864,1
6553,1
2505,1
7597,1
520,1
426,1
590,1
2681,1
4114,2
4603,1
4808,1
8914,1
2109,1
4254,1
1061,0
2876,1
5900,1
6417,1
5176,1
4294,0
5014,0
6258,2
7790,2
6215,0
5886,1
7601,1
675,1
8881,2
1424,1
8304,2
254,1
7915,1
2544,2
5730,1
3587,2
6204,1
627,3
8022,2
7753,1
8676,2
4944,2
4706,1
822,1
8774,1
6892,1
2423,2
7748,1
7646,2
840,2
8092,2
7961,1
656,2
312,1
7006,1
4084,1
7899,2
5511,0
1100,2
7777,1
3482,1
4837,1
8049,1
4675,1
1702,1
1233,1
6232,0
654,2
6283,1
5257,1
3790,2
6486,1
1347,2
1527,1
5704,1
2627,2
2563,1
8998,1
7787,0
2407,1
666,1
5540,1
3309,2
8224,1
8002,1
973,0
799,1
1402,2
2808,1
8984,1
619,1
6953,1
7101,2
1484,2
8749,1
943,1
6426,1
4645,1
649,2
8580,1
6369,1
2226,1
8606,1
8829,1
5223,1
6037,2
2191,2
4173,2
3007,2
7276,2
1183,2
5234,1
5424,2
2835,2
2547,1
6683,1
6355,1
1728,1
7747,2
7725,1
7789,2
6061,1
6610,1
4701,1
5120,1
7315,2
8735,1
2361,1
967,2
1077,1
989,1
5107,1
8985,1
6472,1
5315,1
496,1
8778,1
6982,1
4841,1
3872,1
8298,2
6065,1
952,1
4258,2
1578,2
5264,2
6051,1
3262,1
3612,1
546,1
200,1
5624,1
3775,1
8537,1
6998,1
3211,1
2437,1
2425,1
8423,2
6636,1
1767,1
3756,1
932,1
7946,2
5799,1
1106,0
7668,1
6136,1
4860,1
4028,1
4867,1
8097,1
8873,2
2372,1
4041,1
3999,1
6718,1
1412,1
8613,1
7080,1
8288,2
6170,2
268,2
8497,2
2135,2
7114,1
8187,1
5392,2
4435,0
6655,1
8462,1
1751,2
3278,3
3346,1
4996,1
4887,2
5027,2
409,1
392,1
2556,1
5467,1
5290,2
7145,1
4635,1
780,1
7424,1
6739,1
3891,2
4284,2
1179,1
6157,1
3525,1
8056,1
1273,2
8775,2
287,1
3362,2
5222,1
8644,1
3343,1
5334,1
5378,3
2173,1
3162,1
